Rk,Pk,Draft Year,Player ID,Team,Player Name,College,Year,TOTG,TOTMP,TOTPTS,TRB,TOTAST,FG%,3P%,FT%,MPPG,PTSPG,TRBPG,ASTPG,WS,WS/48,BPM,VORP
1,1,2000,200001,NJN,Kenyon Martin,Cincinnati,15,757,23134,9325,5159,1439,0.483,0.234,0.629,30.6,12.3,6.8,1.9,48,0.1,0.1,12.1
2,2,2000,200002,VAN,Stromile Swift,LSU,9,547,10804,4582,2535,275,0.473,0.074,0.699,19.8,8.4,4.6,0.5,21.3,0.095,-1.6,1.1
3,3,2000,200003,CHI,Marcus Fizer,Iowa State,6,289,6032,2782,1340,352,0.435,0.191,0.691,20.9,9.6,4.6,1.2,2.7,0.022,-3.7,-2.6
4,4,2000,200004,ORL,Mike Miller,Florida,17,1032,27812,10973,4376,2666,0.459,0.407,0.769,26.9,10.6,4.2,2.6,60.7,0.105,0.8,19.8
5,5,2000,200005,ATL,DerMarr Johnson,Cincinnati,7,344,5930,2121,769,304,0.411,0.336,0.789,17.2,6.2,2.2,0.9,6.4,0.052,-1.6,0.6
6,6,2000,200006,CHI,Chris Mihm,Texas,8,436,8758,3262,2302,223,0.459,0.231,0.704,20.1,7.5,5.3,0.5,13.3,0.073,-3.9,-4.3
7,7,2000,200007,CLE,Jamal Crawford,Michigan,20,1327,38994,19419,2948,4541,0.41,0.348,0.862,29.4,14.6,2.2,3.4,60.7,0.075,-0.1,18.4
8,8,2000,200008,HOU,Joel Przybilla,Minnesota,13,592,11733,2293,3665,256,0.552,0,0.557,19.8,3.9,6.2,0.4,23,0.094,-1.7,0.8
9,9,2000,200009,ORL,Keyon Dooling,Missouri,13,728,14134,5067,964,1601,0.416,0.349,0.799,19.4,7,1.3,2.2,18.5,0.063,-2,-0.2
10,10,2000,200010,BOS,Jérôme Moïso,UCLA,5,145,1392,386,395,38,0.489,0,0.593,9.6,2.7,2.7,0.3,2.1,0.074,-2.9,-0.3
11,11,2000,200011,DAL,Etan Thomas,Syracuse,9,409,7084,2341,1927,149,0.513,,0.603,17.3,5.7,4.7,0.4,14.9,0.101,-2.1,-0.2
12,12,2000,200012,ORL,Courtney Alexander,Fresno State,3,187,4067,1690,409,227,0.422,0.339,0.813,21.7,9,2.2,1.2,4.1,0.048,-3.7,-1.7
13,13,2000,200013,DET,Mateen Cleaves,Michigan State,6,167,1863,609,175,310,0.389,0.267,0.728,11.2,3.6,1,1.9,-0.8,-0.021,-5.6,-1.7
14,14,2000,200014,MIL,Jason Collier,Georgia Tech,5,151,2178,841,443,51,0.455,0.35,0.738,14.4,5.6,2.9,0.3,1.9,0.042,-5.4,-1.9
15,15,2000,200015,SEA,Desmond Mason,Oklahoma State,10,643,19641,7767,2863,1049,0.449,0.26,0.74,30.5,12.1,4.5,1.6,23.1,0.056,-2.4,-2.1
16,16,2000,200016,LAC,Quentin Richardson,DePaul,13,783,20785,8032,3666,1138,0.397,0.355,0.718,26.5,10.3,4.7,1.5,32.8,0.076,-0.4,8.5
17,17,2000,200017,CHH,Jamaal Magloire,Kentucky,12,680,14621,4917,4408,386,0.48,0,0.639,21.5,7.2,6.5,0.6,27.7,0.091,-2.9,-3.1
18,18,2000,200018,PHI,Speedy Claxton,Hofstra,7,334,8548,3096,830,1441,0.409,0.193,0.762,25.6,9.3,2.5,4.3,14.2,0.08,-0.3,3.6
19,19,2000,200019,TOR,Morris Peterson,Michigan State,11,711,19366,7628,2483,1090,0.418,0.373,0.773,27.2,10.7,3.5,1.5,35.7,0.089,-0.4,7.6
20,20,2000,200020,NYK,Donnell Harvey,Florida,5,205,3318,1150,827,161,0.46,0.1,0.659,16.2,5.6,4,0.8,4.7,0.069,-2.6,-0.5
21,21,2000,200021,DEN,Mamadou N'Diaye,Auburn,5,69,858,262,225,8,0.427,0,0.736,12.4,3.8,3.3,0.1,1.8,0.101,-4.2,-0.5
22,22,2000,200022,POR,Erick Barkley,St. John's,2,27,266,77,21,40,0.356,0.267,0.9,9.9,2.9,0.8,1.5,0.2,0.027,-3.7,-0.1
23,23,2000,200023,LAL,Mark Madsen,Stanford,9,453,5335,975,1157,181,0.457,0.063,0.527,11.8,2.2,2.6,0.4,8.2,0.074,-4.1,-2.9
24,24,2000,200024,DAL,Dan Langhi,Vanderbilt,4,133,1253,393,199,39,0.391,0.289,0.613,9.4,3,1.5,0.3,0.3,0.012,-4.6,-0.8
25,25,2000,200025,CHI,A.J. Guyton,Indiana,3,80,1246,442,80,147,0.377,0.378,0.822,15.6,5.5,1,1.8,0.3,0.01,-2.9,-0.3
26,26,2000,200026,CHI,Jake Voskuhl,UConn,9,450,6443,1814,1539,237,0.487,0.333,0.714,14.3,4,3.4,0.5,11.6,0.087,-3.8,-3
27,27,2000,200027,CHI,Khalid El-Amin,UConn,1,50,936,314,81,145,0.37,0.333,0.778,18.7,6.3,1.6,2.9,0.6,0.03,-2.4,-0.1
28,28,2000,200028,WAS,Mike Smith,Louisiana-Monroe,1,17,180,51,22,10,0.322,0.167,0.625,10.6,3,1.3,0.6,-0.1,-0.033,-4.2,-0.1
29,29,2000,200029,MIA,Eddie House,Arizona State,11,717,12405,5356,1223,1112,0.409,0.39,0.851,17.3,7.5,1.7,1.6,20,0.077,0,6.1
30,30,2000,200030,HOU,Eduardo Nájera,Oklahoma,12,619,11213,3052,2307,493,0.481,0.311,0.671,18.1,4.9,3.7,0.8,24.7,0.106,-0.9,3
31,31,2000,200031,NYK,Lavor Postell,St. John's,3,61,446,195,45,13,0.335,0.25,0.795,7.3,3.2,0.7,0.2,-0.2,-0.025,-5,-0.3
32,32,2000,200032,ATL,Hanno Möttölä,Utah,2,155,2360,715,442,75,0.442,0.063,0.783,15.2,4.6,2.9,0.5,0.9,0.019,-5.9,-2.3
33,33,2000,200033,MIL,Michael Redd,Ohio State,12,629,20104,11972,2411,1338,0.447,0.38,0.838,32,19,3.8,2.1,55.9,0.134,2.2,21.4
34,34,2000,200034,DET,Brian Cardinal,Purdue,12,456,6477,2108,1050,465,0.408,0.372,0.861,14.2,4.6,2.3,1,15.4,0.114,-0.1,3.2
35,35,2000,200035,SAC,Jabari Smith,LSU,4,108,1063,329,178,66,0.413,0.125,0.69,9.8,3,1.6,0.6,1.3,0.058,-4.3,-0.6
36,36,2000,200036,MIL,Jason Hart,Syracuse,9,341,5289,1623,567,774,0.417,0.315,0.788,15.5,4.8,1.7,2.3,8.6,0.078,-1.2,1
37,37,2000,200037,UTA,Kaniel Dickens,Idaho,3,19,85,22,12,2,0.4,0.333,0.75,4.5,1.2,0.6,0.1,0.1,0.055,-3,0
38,38,2000,200038,MIA,Ernest Brown,Indian Hills Community College,1,3,21,3,6,0,0.167,,0.25,7,1,2,0,-0.2,-0.349,-18.2,-0.1
39,39,2000,200039,DEN,Dan McClintock,Northern Arizona University,1,6,58,18,17,1,0.5,,0,9.7,3,2.8,0.2,0,0.007,-7.9,-0.1
40,40,2000,200040,GSW,Chris Porter,Auburn,1,51,1147,440,189,61,0.389,0,0.667,22.5,8.6,3.7,1.2,0.2,0.008,-4.5,-0.7
1,1,2001,200101,GSW,Jason Richardson,Michigan State,13,857,29241,14644,4245,2284,0.438,0.37,0.707,34.1,17.1,5,2.7,59.1,0.097,1.2,23.8
2,2,2001,200102,MEM,Shane Battier,Duke,13,977,30004,8408,4082,1717,0.437,0.384,0.743,30.7,8.6,4.2,1.8,75.7,0.121,1.7,28.2
3,3,2001,200103,NJN,Eddie Griffin,Seton Hall,5,303,6729,2171,1744,236,0.377,0.315,0.671,22.2,7.2,5.8,0.8,10.9,0.078,-0.4,2.8
4,4,2001,200104,DET,Rodney White,UNC Charlotte,4,218,3354,1540,485,237,0.424,0.314,0.749,15.4,7.1,2.2,1.1,1.8,0.026,-2.2,-0.1
5,5,2001,200105,BOS,Joe Johnson,Arkansas,18,1277,44236,20407,5059,5001,0.441,0.371,0.802,34.6,16,4,3.9,82.9,0.09,0.4,26.5
6,6,2001,200106,BOS,Kedrick Brown,Okaloosa-Walton Community College,4,143,1935,509,347,103,0.405,0.274,0.64,13.5,3.6,2.4,0.7,3,0.074,-1.1,0.4
7,7,2001,200107,HOU,Richard Jefferson,Arizona,17,1181,34293,14904,4720,2412,0.464,0.376,0.768,29,12.6,4,2,83,0.116,0.2,19.4
8,8,2001,200108,GSW,Troy Murphy,Notre Dame,12,729,19921,7860,5708,1088,0.445,0.388,0.785,27.3,10.8,7.8,1.5,50.3,0.121,0.1,10.6
9,9,2001,200109,ORL,Steven Hunter,DePaul,8,400,5993,1817,1264,79,0.56,0,0.485,15,4.5,3.2,0.2,10.6,0.085,-2.3,-0.5
10,10,2001,200110,CHH,Kirk Haston,Indiana,2,27,134,32,27,8,0.232,0,0.5,5,1.2,1,0.3,-0.5,-0.197,-13.3,-0.4
11,11,2001,200111,TOR,Michael Bradley,Villanova,5,173,2016,483,591,93,0.477,0.143,0.511,11.7,2.8,3.4,0.5,2,0.047,-4,-1
12,12,2001,200112,HOU,Jason Collins,Stanford,13,735,14974,2621,2706,626,0.411,0.206,0.647,20.4,3.6,3.7,0.9,20.1,0.064,-3.7,-6.5
13,13,2001,200113,POR,Zach Randolph,Michigan State,17,1116,34616,18578,10208,2049,0.471,0.273,0.764,31,16.6,9.1,1.8,81.1,0.112,0.2,18.8
14,14,2001,200114,CLE,Brendan Haywood,UNC,13,816,18680,5538,4875,442,0.528,0,0.587,22.9,6.8,6,0.5,43.8,0.113,-1.4,2.9
15,15,2001,200115,BOS,Joseph Forte,UNC,2,25,125,30,17,17,0.234,0,0.8,5,1.2,0.7,0.7,-0.4,-0.166,-8.6,-0.2
16,16,2001,200116,ORL,Jeryl Sasser,SMU,2,82,1061,204,191,67,0.303,0.295,0.687,12.9,2.5,2.3,0.8,0.7,0.032,-2.5,-0.1
17,17,2001,200117,HOU,Brandon Armstrong,Pepperdine,3,108,699,239,63,24,0.352,0.333,0.6,6.5,2.2,0.6,0.2,-0.6,-0.039,-8,-1
18,18,2001,200118,SAC,Gerald Wallace,Alabama,14,832,24731,9933,4838,1725,0.469,0.312,0.709,29.7,11.9,5.8,2.1,59.7,0.116,1.8,23.5
19,19,2001,200119,PHI,Samuel Dalembert,Seton Hall,13,886,21646,6814,6942,465,0.521,0.083,0.706,24.4,7.7,7.8,0.5,51.3,0.114,-1.1,4.6
20,20,2001,200120,MEM,Jamaal Tinsley,Iowa State,11,547,14443,4652,1605,3330,0.393,0.299,0.716,26.4,8.5,2.9,6.1,17.2,0.057,0,7.1
21,21,2001,200121,CHI,Trenton Hassell,Austin Peay State University,9,644,16278,3741,1826,1132,0.445,0.318,0.765,25.3,5.8,2.8,1.8,13.8,0.041,-2.9,-3.7
22,22,2001,200122,GSW,Gilbert Arenas,Arizona,11,552,19351,11402,2168,2909,0.421,0.351,0.803,35.1,20.7,3.9,5.3,51.3,0.127,2.6,22.3
23,23,2001,200123,ORL,Omar Cook,St. John's,2,22,213,37,13,46,0.333,0,0.5,9.7,1.7,0.6,2.1,-0.1,-0.021,-2.7,0
24,24,2001,200124,MEM,Will Solomon,Clemson,2,115,1584,584,132,225,0.378,0.298,0.692,13.8,5.1,1.1,2,0,0,-3.3,-0.5
25,25,2001,200125,ATL,Terence Morris,Maryland,3,139,1934,472,377,93,0.407,0.196,0.711,13.9,3.4,2.7,0.7,1,0.025,-2.8,-0.4
26,26,2001,200126,NJN,Brian Scalabrine,USC,11,520,6772,1594,1034,436,0.39,0.344,0.783,13,3.1,2,0.8,7.6,0.054,-2.7,-1.2
27,27,2001,200127,CLE,Jeff Trepagnier,USC,3,31,270,88,43,22,0.337,0.462,0.7,8.7,2.8,1.4,0.7,-0.2,-0.038,-2.8,-0.1
28,28,2001,200128,PHI,Damone Brown,Syracuse,4,39,351,108,52,19,0.336,0.286,0.667,9,2.8,1.3,0.5,-0.7,-0.1,-8.6,-0.6
29,29,2001,200129,SEA,Earl Watson,UCLA,13,878,19494,5593,1985,3871,0.411,0.324,0.703,22.2,6.4,2.3,4.4,19.2,0.047,-1.4,2.8
30,30,2001,200130,IND,Jamison Brewer,Auburn,4,54,468,89,50,56,0.372,0.25,0.393,8.7,1.6,0.9,1,0,-0.001,-2.4,0
31,31,2001,200131,SEA,Bobby Simmons,DePaul,10,466,11513,4189,1791,710,0.437,0.396,0.823,24.7,9,3.8,1.5,20.1,0.084,-0.7,3.6
32,32,2001,200132,CHI,Sean Lampley,California,2,45,550,203,94,33,0.463,0,0.691,12.2,4.5,2.1,0.7,1.1,0.096,-1.7,0
33,33,2001,200133,MIN,Loren Woods,Arizona,6,215,2428,555,682,74,0.419,0.143,0.642,11.3,2.6,3.2,0.3,3.1,0.062,-2.5,-0.3
34,34,2001,200134,MIA,Ken Johnson,Ohio State,1,16,156,32,32,0,0.405,,0.333,9.8,2,2,0,0,-0.002,-6.8,-0.2
35,35,2001,200135,POR,Ruben Boumtje-Boumtje,Georgetown,3,44,276,43,57,6,0.368,,0.556,6.3,1,1.3,0.1,0.2,0.027,-5.4,-0.2
36,36,2001,200136,PHO,Alton Ford,Houston,3,73,524,186,124,11,0.507,,0.697,7.2,2.5,1.7,0.2,0.8,0.074,-6.4,-0.6
37,37,2001,200137,UTA,Jarron Collins,Stanford,10,542,8542,2095,1579,419,0.455,0,0.699,15.8,3.9,2.9,0.8,15.7,0.088,-3.1,-2.5
38,38,2001,200138,DAL,Kenny Satterfield,Cincinnati,2,75,1062,321,95,176,0.335,0.218,0.746,14.2,4.3,1.3,2.3,-1.1,-0.051,-4.1,-0.6
39,39,2001,200139,PHI,Alvin Jones,Georgia Tech,1,23,126,26,36,3,0.4,,0.5,5.5,1.1,1.6,0.1,0.1,0.034,-8.7,-0.2
1,1,2002,200201,CHI,Jay Williams,Duke,1,75,1961,714,195,350,0.399,0.322,0.64,26.1,9.5,2.6,4.7,0.8,0.02,-2,0
2,2,2002,200202,GSW,Mike Dunleavy,Duke,15,986,27340,11048,4211,2185,0.441,0.377,0.803,27.7,11.2,4.3,2.2,58.5,0.103,0.3,15.7
3,3,2002,200203,MEM,Drew Gooden,Kansas,14,790,20127,8653,5618,896,0.462,0.257,0.76,25.5,11,7.1,1.1,43.9,0.105,-1.2,4.3
4,4,2002,200204,CLE,Dajuan Wagner,Memphis,4,103,2202,964,142,195,0.366,0.321,0.77,21.4,9.4,1.4,1.9,0,0,-4.9,-1.6
5,5,2002,200205,LAC,Chris Wilcox,Maryland,11,628,12474,5150,3076,455,0.541,0,0.643,19.9,8.2,4.9,0.7,26.9,0.103,-1.6,1.2
6,6,2002,200206,MIA,Caron Butler,UConn,14,881,28333,12430,4387,2007,0.434,0.348,0.847,32.2,14.1,5,2.3,50.9,0.086,-0.2,12.6
7,7,2002,200207,WAS,Jared Jeffries,Indiana,11,629,13579,3003,2563,798,0.426,0.25,0.583,21.6,4.8,4.1,1.3,13.1,0.046,-2.4,-1.5
8,8,2002,200208,LAC,Melvin Ely,Fresno State,9,375,6005,1992,1215,261,0.46,0,0.625,16,5.3,3.2,0.7,4,0.032,-4,-3.1
9,9,2002,200209,MIL,Marcus Haislip,Tennessee,4,89,854,311,131,16,0.437,0.35,0.659,9.6,3.5,1.5,0.2,0.5,0.026,-4.7,-0.6
10,10,2002,200210,IND,Fred Jones,Oregon,7,430,10299,3206,958,990,0.411,0.353,0.809,24,7.5,2.2,2.3,16.5,0.077,-1,2.6
11,11,2002,200211,WAS,Juan Dixon,Maryland,7,436,8509,3678,816,775,0.413,0.341,0.833,19.5,8.4,1.9,1.8,6.1,0.034,-2.1,-0.3
12,12,2002,200212,ORL,Curtis Borchardt,Stanford,2,83,1117,258,278,64,0.421,0,0.742,13.5,3.1,3.3,0.8,1,0.041,-3.8,-0.5
13,13,2002,200213,UTA,Ryan Humphrey,Notre Dame,3,85,772,197,189,18,0.344,0,0.539,9.1,2.3,2.2,0.2,-0.4,-0.027,-8.1,-1.2
14,14,2002,200214,TOR,Kareem Rush,Missouri,7,346,5956,2213,572,353,0.4,0.358,0.703,17.2,6.4,1.7,1,1.7,0.013,-3.2,-1.8
15,15,2002,200215,POR,Qyntel Woods,Northeast Mississippi Community College,4,167,2060,691,385,105,0.452,0.357,0.603,12.3,4.1,2.3,0.6,1.4,0.032,-2.7,-0.4
16,16,2002,200216,PHO,Casey Jacobsen,Stanford,4,287,5320,1488,516,304,0.393,0.352,0.769,18.5,5.2,1.8,1.1,6.2,0.056,-2.2,-0.3
17,17,2002,200217,DET,Tayshaun Prince,Kentucky,14,1017,31576,11272,4332,2406,0.455,0.367,0.756,31,11.1,4.3,2.4,63.1,0.096,0.3,18
18,18,2002,200218,DEN,Frank Williams,Illinois,3,86,952,253,77,166,0.352,0.3,0.833,11.1,2.9,0.9,1.9,0.1,0.003,-3.2,-0.3
19,19,2002,200219,SAS,John Salmons,Miami (FL),13,895,23672,8292,2603,2183,0.431,0.366,0.799,26.4,9.3,2.9,2.4,33.9,0.069,-0.9,6.7
20,20,2002,200220,LAL,Chris Jefferies,Fresno State,2,72,861,281,88,29,0.383,0.365,0.667,12,3.9,1.2,0.4,-0.5,-0.03,-5.5,-0.8
21,21,2002,200221,SAC,Dan Dickau,Gonzaga,6,300,4617,1745,405,752,0.401,0.341,0.831,15.4,5.8,1.4,2.5,5.9,0.061,-1.5,0.6
22,22,2002,200222,CHI,Roger Mason,Virginia,10,518,9147,3289,897,677,0.408,0.383,0.866,17.7,6.3,1.7,1.3,13,0.068,-1.4,1.4
23,23,2002,200223,MEM,Robert Archibald,Illinois,2,44,328,51,69,16,0.283,,0.429,7.5,1.2,1.6,0.4,0,-0.004,-6.1,-0.3
24,24,2002,200224,DEN,Vincent Yarbrough,Tennessee,1,59,1381,406,162,130,0.393,0.269,0.79,23.4,6.9,2.7,2.2,1,0.035,-2.4,-0.1
25,25,2002,200225,MIL,Dan Gadzuric,UCLA,10,527,7793,2465,2326,196,0.5,0,0.498,14.8,4.7,4.4,0.4,15.8,0.097,-2.3,-0.7
26,26,2002,200226,CLE,Carlos Boozer,Duke,13,861,26901,13976,8192,1928,0.521,0.071,0.722,31.2,16.2,9.5,2.2,80.3,0.143,1.4,23.1
27,27,2002,200227,HOU,Tito Maddox,Fresno State,1,9,35,11,7,5,0.25,0,0.625,3.9,1.2,0.8,0.6,0,-0.011,-1.4,0
28,28,2002,200228,MIL,Ronald Murray,Shaw,8,487,11077,4817,1006,1096,0.414,0.304,0.725,22.7,9.9,2.1,2.3,8.5,0.037,-2.2,-0.5
29,29,2002,200229,CHI,Lonny Baxter,Maryland,4,162,1884,637,477,40,0.466,0.2,0.657,11.6,3.9,2.9,0.2,2.9,0.075,-4.6,-1.2
30,30,2002,200230,MEM,Matt Barnes,UCLA,14,929,21967,7589,4281,1691,0.436,0.335,0.745,23.6,8.2,4.6,1.8,42.8,0.093,-0.1,10.7
31,31,2002,200231,UTA,Jamal Sampson,California,5,72,631,142,242,26,0.491,0,0.537,8.8,2,3.4,0.4,1.4,0.106,-2.3,-0.1
32,32,2002,200232,MIL,Chris Owens,Texas,1,1,6,4,1,0,0.667,,,6,4,1,0,0,-0.032,-0.5,0
33,33,2002,200233,BOS,Darius Songaila,Wake Forest,8,495,9229,3415,1689,589,0.499,0.158,0.844,18.6,6.9,3.4,1.2,15.9,0.083,-2.1,-0.2
34,34,2002,200234,MIA,Rasual Butler,La Salle,13,809,17219,6092,1934,658,0.403,0.362,0.747,21.3,7.5,2.4,0.8,20.8,0.058,-1.4,2.6
35,35,2002,200235,NJN,Tamar Slay,Marshall,3,66,517,173,70,31,0.361,0.265,0.538,7.8,2.6,1.1,0.5,-0.3,-0.029,-5.7,-0.5
36,36,2002,200236,SAS,Randy Holcomb,San Diego State,1,4,11,2,1,0,1,,,2.8,0.5,0.3,0,0,0.15,-1.7,0
37,37,2002,200237,SAC,Corsley Edwards,Central Connecticut State University,1,10,110,27,25,3,0.323,,0.583,11,2.7,2.5,0.3,0.1,0.026,-6.2,-0.1
1,1,2003,200301,DEN,Carmelo Anthony,Syracuse,19,1260,43514,28289,7808,3422,0.447,0.355,0.814,34.5,22.5,6.2,2.7,108.5,0.12,1.3,36.7
2,2,2003,200302,TOR,Chris Bosh,Georgia Tech,13,893,31936,17189,7592,1795,0.494,0.335,0.799,35.8,19.2,8.5,2,106,0.159,1.9,31.1
3,3,2003,200303,MIA,Dwyane Wade,Marquette,16,1054,35773,23165,4933,5701,0.48,0.293,0.765,33.9,22,4.7,5.4,120.7,0.162,5,62.8
4,4,2003,200304,LAC,Chris Kaman,Central Michigan University,13,735,19642,8208,5582,921,0.489,0.042,0.743,26.7,11.2,7.6,1.3,24.6,0.06,-1.9,0.4
5,5,2003,200305,CHI,Kirk Hinrich,Kansas,13,879,27015,9594,2576,4245,0.411,0.375,0.8,30.7,10.9,2.9,4.8,52.5,0.093,0,13.3
6,6,2003,200306,MIL,T.J. Ford,Texas,8,429,11882,4797,1331,2495,0.433,0.289,0.815,27.7,11.2,3.1,5.8,16.9,0.068,-0.4,4.6
7,7,2003,200307,NYK,Mike Sweetney,Georgetown,4,233,3610,1516,1045,145,0.485,0,0.689,15.5,6.5,4.5,0.6,7.8,0.103,-2.7,-0.6
8,8,2003,200308,WAS,Jarvis Hayes,Georgia,7,427,9898,3553,1330,459,0.415,0.356,0.798,23.2,8.3,3.1,1.1,10.2,0.049,-2.5,-1.3
9,9,2003,200309,SEA,Nick Collison,Kansas,14,910,18603,5359,4701,939,0.534,0.208,0.723,20.4,5.9,5.2,1,44.5,0.115,-1.3,3.1
10,10,2003,200310,MEM,Marcus Banks,UNLV,8,348,5571,2061,519,728,0.432,0.327,0.768,16,5.9,1.5,2.1,6.6,0.057,-2,-0.1
11,11,2003,200311,SEA,Luke Ridnour,Oregon,12,830,21623,7740,1877,3713,0.431,0.349,0.862,26.1,9.3,2.3,4.5,36,0.08,-0.6,7.5
12,12,2003,200312,ORL,Reece Gaines,Louisville,3,71,605,123,53,50,0.324,0.269,0.606,8.5,1.7,0.7,0.7,-0.6,-0.049,-6.1,-0.6
13,13,2003,200313,BOS,Troy Bell,Boston College,1,6,34,11,4,4,0.222,0,1,5.7,1.8,0.7,0.7,-0.2,-0.326,-19.6,-0.2
14,14,2003,200314,NOH,David West,Xavier,15,1034,29144,14034,6590,2273,0.495,0.265,0.817,28.2,13.6,6.4,2.2,85.9,0.141,1.7,27.6
15,15,2003,200315,BOS,Dahntay Jones,Duke,13,624,9799,3353,1082,529,0.439,0.329,0.751,15.7,5.4,1.7,0.8,9.9,0.048,-3.7,-4.1
16,16,2003,200316,LAL,Brian Cook,Illinois,9,421,5649,2312,1115,252,0.439,0.382,0.783,13.4,5.5,2.6,0.6,10.2,0.086,-1.6,0.5
17,17,2003,200317,DAL,Josh Howard,Wake Forest,10,507,15350,7270,2886,817,0.448,0.332,0.77,30.3,14.3,5.7,1.6,38,0.119,0.6,10
18,18,2003,200318,CLE,Jason Kapono,UCLA,9,509,9068,3398,844,417,0.442,0.434,0.835,17.8,6.7,1.7,0.8,10.3,0.055,-2.6,-1.3
19,19,2003,200319,LAL,Luke Walton,Arizona,10,564,9685,2649,1588,1317,0.429,0.326,0.715,17.2,4.7,2.8,2.3,13.5,0.067,-1,2.5
20,20,2003,200320,MIA,Jerome Beasley,University of North Dakota,1,2,5,2,1,0,0.333,,,2.5,1,0.5,0,0,-0.117,-5.2,0
21,21,2003,200321,ATL,Travis Hansen,BYU,1,41,507,123,70,19,0.354,0.3,0.815,12.4,3,1.7,0.5,0.2,0.019,-6.2,-0.5
22,22,2003,200322,WAS,Steve Blake,Maryland,13,870,20823,5662,1816,3446,0.401,0.383,0.779,23.9,6.5,2.1,4,29.1,0.067,-1.2,4.2
23,23,2003,200323,GSW,Derrick Zimmerman,Mississippi State,1,2,32,4,4,7,0.667,,,16,2,2,3.5,0,0.004,-10.4,-0.1
24,24,2003,200324,SEA,Willie Green,Detroit Mercy,12,731,14783,6059,1303,1018,0.425,0.346,0.765,20.2,8.3,1.8,1.4,12.9,0.042,-2.7,-2.7
25,25,2003,200325,MIL,Keith Bogans,Kentucky,11,671,14527,4257,1817,866,0.394,0.353,0.716,21.6,6.3,2.7,1.3,20.4,0.068,-1.5,1.9
26,26,2003,200326,CHI,Matt Bonner,Florida,12,792,13356,4632,2371,552,0.464,0.414,0.78,16.9,5.8,3,0.7,38.5,0.138,1,10.1
27,27,2003,200327,UTA,Mo Williams,Alabama,13,818,23872,10759,2264,3990,0.434,0.378,0.871,29.2,13.2,2.8,4.9,40,0.08,-0.3,10
28,28,2003,200328,IND,James Jones,Miami (FL),14,709,11098,3717,1276,366,0.401,0.401,0.84,15.7,5.2,1.8,0.5,25.2,0.109,-0.1,5.4
29,29,2003,200329,NJN,Kyle Korver,Creighton,17,1232,31183,11953,3643,2114,0.442,0.429,0.877,25.3,9.7,3,1.7,73.4,0.113,0.6,20.7
30,30,2003,200330,BOS,Brandon Hunter,Ohio University,2,67,630,220,187,22,0.476,0,0.488,9.4,3.3,2.8,0.3,0.7,0.055,-3.7,-0.3
1,1,2004,200401,CHA,Emeka Okafor,UConn,10,616,19055,7370,5967,520,0.512,0,0.586,30.9,12,9.7,0.8,45.3,0.114,-0.6,6.8
2,2,2004,200402,CHI,Ben Gordon,UConn,11,744,20366,11084,1851,1868,0.432,0.401,0.857,27.4,14.9,2.5,2.5,33.3,0.078,-0.3,8.7
3,3,2004,200403,WAS,Devin Harris,Wisconsin,15,985,23963,10597,2151,3869,0.432,0.325,0.796,24.3,10.8,2.2,3.9,54.9,0.11,0.6,15.5
4,4,2004,200404,ATL,Josh Childress,Stanford,8,391,10432,3548,1850,609,0.522,0.329,0.779,26.7,9.1,4.7,1.6,25.7,0.118,0.8,7.4
5,5,2004,200405,PHO,Luol Deng,Duke,15,902,30941,13361,5468,2042,0.456,0.332,0.769,34.3,14.8,6.1,2.3,74,0.115,0.9,22.9
6,6,2004,200406,PHI,Andre Iguodala,Arizona,19,1231,39507,13968,6047,5147,0.463,0.33,0.709,32.1,11.3,4.9,4.2,100.4,0.122,2.1,41.3
7,7,2004,200407,CLE,Luke Jackson,Oregon,4,73,724,252,89,58,0.357,0.36,0.732,9.9,3.5,1.2,0.8,0.2,0.01,-3.7,-0.3
8,8,2004,200408,UTA,Kris Humphries,Minnesota,13,800,14232,5350,4314,556,0.463,0.293,0.7,17.8,6.7,5.4,0.7,30.3,0.102,-1.7,1.2
9,9,2004,200409,UTA,Kirk Snyder,Nevada,4,211,3540,1333,491,241,0.438,0.327,0.699,16.8,6.3,2.3,1.1,4.5,0.061,-1.2,0.7
10,10,2004,200410,DEN,Jameer Nelson,Saint Joseph's,14,878,24539,9940,2595,4508,0.436,0.368,0.81,27.9,11.3,3,5.1,48.3,0.094,-0.1,11.6
11,11,2004,200411,BOS,Delonte West,Saint Joseph's,8,432,11842,4198,1265,1540,0.448,0.372,0.826,27.4,9.7,2.9,3.6,24.5,0.099,0.9,8.7
12,12,2004,200412,BOS,Tony Allen,Oklahoma State,14,820,18055,6654,2884,1077,0.475,0.282,0.709,22,8.1,3.5,1.3,38.7,0.103,0.3,10.4
13,13,2004,200413,SAC,Kevin Martin,Western Carolina University,12,714,21559,12396,2278,1352,0.437,0.384,0.87,30.2,17.4,3.2,1.9,61.3,0.137,1,16.1
14,14,2004,200414,IND,David Harrison,Colorado,4,189,2686,949,549,47,0.53,,0.525,14.2,5,2.9,0.2,3.2,0.057,-4.4,-1.7
15,15,2004,200415,CHI,Jackson Vroman,Iowa State,2,87,1111,285,261,51,0.408,0,0.58,12.8,3.3,3,0.6,0,0.001,-5.1,-0.9
16,16,2004,200416,LAC,Lionel Chalmers,Xavier,1,36,433,111,31,51,0.336,0.245,0.625,12,3.1,0.9,1.4,-0.2,-0.025,-5.3,-0.4
17,17,2004,200417,SEA,Andre Emmett,Texas Tech,2,14,73,20,8,1,0.462,0,0.615,5.2,1.4,0.6,0.1,0.1,0.04,-5.5,-0.1
18,18,2004,200418,ORL,Antonio Burks,Memphis,2,81,789,186,49,104,0.387,0.235,0.571,9.7,2.3,0.6,1.3,0.1,0.004,-5,-0.6
19,19,2004,200419,ATL,Royal Ivey,Texas,10,492,6162,1641,557,501,0.406,0.361,0.706,12.5,3.3,1.1,1,4.5,0.035,-3.8,-2.7
20,20,2004,200420,CHI,Chris Duhon,Duke,9,606,15526,3946,1364,2690,0.393,0.363,0.784,25.6,6.5,2.3,4.4,25,0.077,-1.2,3.2
21,21,2004,200421,BOS,Justin Reed,Ole Miss,3,136,1436,472,186,68,0.404,0,0.752,10.6,3.5,1.4,0.5,0.5,0.016,-5.9,-1.4
22,22,2004,200422,NYK,Trevor Ariza,UCLA,18,1118,32953,11593,5356,2379,0.422,0.351,0.731,29.5,10.4,4.8,2.1,64.3,0.094,0.6,21.8
23,23,2004,200423,CHA,Bernard Robinson,Michigan,3,128,1909,576,315,126,0.417,0.161,0.786,14.9,4.5,2.5,1,2,0.049,-2,0
24,24,2004,200424,MIA,Pape Sow,Cal State Fullerton,3,76,879,219,214,12,0.416,,0.678,11.6,2.9,2.8,0.2,0.8,0.044,-5.7,-0.8
25,25,2004,200425,MIA,Matt Freije,Vanderbilt,2,42,588,133,85,27,0.293,0.224,0.714,14,3.2,2,0.6,-0.6,-0.047,-6,-0.6
26,26,2004,200426,HOU,Luis Flores,Manhattan College,1,16,77,35,3,11,0.483,0.5,1,4.8,2.2,0.2,0.7,0,-0.02,-4.8,0
1,1,2005,200501,MIL,Andrew Bogut,Utah,14,706,19862,6808,6112,1546,0.535,0.12,0.557,28.1,9.6,8.7,2.2,50.6,0.122,1.2,16
2,2,2005,200502,ATL,Marvin Williams,UNC,15,1072,30159,10965,5546,1373,0.443,0.361,0.808,28.1,10.2,5.2,1.3,65.1,0.104,-0.4,12.3
3,3,2005,200503,UTA,Deron Williams,Illinois,12,845,28865,13804,2619,6819,0.445,0.357,0.822,34.2,16.3,3.1,8.1,77.3,0.129,1.9,28.3
4,4,2005,200504,NOH,Chris Paul,Wake Forest,19,1272,43316,22288,5682,11894,0.471,0.369,0.87,34.1,17.5,4.5,9.4,209.4,0.232,6.9,97.3
5,5,2005,200505,CHA,Raymond Felton,UNC,14,971,28829,10853,2867,5096,0.412,0.329,0.79,29.7,11.2,3,5.2,40.2,0.067,-0.6,10.1
6,6,2005,200506,TOR,Charlie Villanueva,UConn,11,656,13578,6808,3019,549,0.435,0.341,0.772,20.7,10.4,4.6,0.8,22.6,0.08,-0.6,4.7
7,7,2005,200507,NYK,Channing Frye,Arizona,13,890,19772,7786,4002,864,0.44,0.388,0.822,22.2,8.7,4.5,1,38.9,0.094,-0.4,8
8,8,2005,200508,GSW,Ike Diogu,Arizona State,6,225,2795,1348,689,69,0.509,0.5,0.786,12.4,6,3.1,0.3,6.5,0.112,-3,-0.7
9,9,2005,200509,CHA,Sean May,UNC,4,119,1868,821,481,115,0.458,0.231,0.746,15.7,6.9,4,1,2.6,0.068,-1.7,0.2
10,10,2005,200510,MIN,Rashad McCants,UNC,4,249,5037,2479,506,331,0.431,0.368,0.741,20.2,10,2,1.3,3.6,0.035,-1.7,0.4
11,11,2005,200511,NJN,Antoine Wright,Texas A&M,6,297,5714,1614,681,295,0.412,0.304,0.674,19.2,5.4,2.3,1,3.1,0.026,-3.7,-2.4
12,12,2005,200512,TOR,Joey Graham,Oklahoma State,6,377,6117,2239,1058,207,0.483,0.3,0.815,16.2,5.9,2.8,0.5,7.8,0.061,-3.6,-2.4
13,13,2005,200513,IND,Danny Granger,New Mexico,10,586,18487,9855,2888,1097,0.434,0.38,0.848,31.5,16.8,4.9,1.9,48.5,0.126,1.8,17.7
14,14,2005,200514,MEM,Hakim Warrick,Syracuse,8,526,10624,4947,2117,400,0.49,0.191,0.726,20.2,9.4,4,0.8,20.4,0.092,-1.9,0.4
15,15,2005,200515,DEN,Julius Hodge,NC State,2,23,98,28,15,18,0.44,,0.5,4.3,1.2,0.7,0.8,0,0.003,-3.7,0
16,16,2005,200516,PHO,Nate Robinson,Washington,11,618,13878,6807,1446,1826,0.423,0.36,0.796,22.5,11,2.3,3,27.8,0.096,0.5,8.6
17,17,2005,200517,DEN,Jarrett Jack,Georgia Tech,13,867,24140,9349,2487,3952,0.44,0.343,0.855,27.8,10.8,2.9,4.6,36.8,0.073,-0.9,6.5
18,18,2005,200518,SAC,Francisco García,Louisville,10,549,11853,4323,1400,747,0.427,0.357,0.799,21.6,7.9,2.6,1.4,18.2,0.074,-0.1,5.7
19,19,2005,200519,HOU,Luther Head,Illinois,6,348,7797,2842,845,747,0.423,0.388,0.773,22.4,8.2,2.4,2.1,14.7,0.09,0.1,4.2
20,20,2005,200520,DET,Jason Maxiell,Cincinnati,10,618,11379,3481,2576,266,0.495,0,0.564,18.4,5.6,4.2,0.4,20.3,0.086,-2.5,-1.4
21,21,2005,200521,POR,Linas Kleiza,Missouri,7,409,8185,3561,1470,321,0.435,0.335,0.763,20,8.7,3.6,0.8,13.6,0.08,-2.3,-0.7
22,22,2005,200522,MIA,Wayne Simien,Kansas,2,51,507,169,99,11,0.469,,0.854,9.9,3.3,1.9,0.2,0.9,0.083,-4.4,-0.3
23,23,2005,200523,NYK,David Lee,Florida,12,829,24293,11232,7320,1825,0.535,0.034,0.772,29.3,13.5,8.8,2.2,76,0.15,1.1,19.2
24,24,2005,200524,ATL,Salim Stoudamire,Arizona,3,157,2672,1260,214,164,0.407,0.366,0.882,17,8,1.4,1,2.2,0.04,-2.9,-0.6
25,25,2005,200525,LAC,Daniel Ewing,Duke,2,127,1683,431,158,174,0.389,0.295,0.78,13.3,3.4,1.2,1.4,0.8,0.024,-3,-0.4
26,26,2005,200526,NOH,Brandon Bass,LSU,12,758,16410,6575,3448,608,0.499,0.207,0.832,21.6,8.7,4.5,0.8,42.8,0.125,-0.8,5.1
27,27,2005,200527,LAL,Ronny Turiaf,Gonzaga,10,473,8020,2209,1757,618,0.533,0,0.636,17,4.7,3.7,1.3,19.2,0.115,0.3,4.7
28,28,2005,200528,ORL,Travis Diener,Marquette,5,179,2660,854,243,432,0.388,0.353,0.847,14.9,4.8,1.4,2.4,5.6,0.102,-0.4,1.1
29,29,2005,200529,LAL,Von Wafer,Florida State,6,200,2475,1054,234,146,0.42,0.325,0.751,12.4,5.3,1.2,0.7,3.3,0.064,-1.8,0.1
30,30,2005,200530,GSW,Chris Taft,Pitt,1,17,144,47,36,2,0.605,,0.167,8.5,2.8,2.1,0.1,0.5,0.155,-0.7,0
31,31,2005,200531,MIN,Bracey Wright,Indiana,2,26,325,129,39,20,0.405,0.324,0.794,12.5,5,1.5,0.8,0.5,0.068,-1.6,0
32,32,2005,200532,BOS,Ryan Gomes,Providence,8,487,13463,4926,2239,712,0.445,0.349,0.799,27.6,10.1,4.6,1.5,19.4,0.069,-1.6,1.4
33,33,2005,200533,UTA,Robert Whaley,Walsh University,1,23,212,49,43,17,0.404,,0.5,9.2,2.1,1.9,0.7,0,0.004,-5.1,-0.2
34,34,2005,200534,BOS,Orien Greene,Louisiana,4,131,1555,326,195,155,0.387,0.212,0.642,11.9,2.5,1.5,1.2,-0.7,-0.022,-4.6,-1
35,35,2005,200535,NYK,Dijon Thompson,UCLA,2,16,93,45,19,3,0.425,0.308,0.875,5.8,2.8,1.2,0.2,0.2,0.102,-0.5,0
36,36,2005,200536,SEA,Lawrence Roberts,Mississippi State,2,87,1150,334,310,35,0.452,0,0.688,13.2,3.8,3.6,0.4,2.5,0.106,-1.9,0
37,37,2005,200537,DET,Alex Acker,Pepperdine,2,30,234,81,29,16,0.37,0.32,0.5,7.8,2.7,1,0.5,-0.2,-0.043,-5.3,-0.2
1,1,2006,200601,CHI,LaMarcus Aldridge,Texas,16,1076,36242,20558,8736,2076,0.493,0.32,0.813,33.7,19.1,8.1,1.9,115.7,0.153,1.7,33.4
2,2,2006,200602,CHA,Adam Morrison,Gonzaga,3,161,3278,1200,342,222,0.373,0.331,0.71,20.4,7.5,2.1,1.4,-1.4,-0.021,-5,-2.4
3,3,2006,200603,POR,Tyrus Thomas,LSU,8,402,7932,3093,1938,347,0.438,0.235,0.732,19.7,7.7,4.8,0.9,13,0.078,-1.2,1.7
4,4,2006,200604,ATL,Shelden Williams,Duke,6,361,5586,1618,1562,163,0.462,0.222,0.74,15.5,4.5,4.3,0.5,9.9,0.085,-3,-1.5
5,5,2006,200605,MIN,Brandon Roy,Washington,6,326,11561,6136,1388,1517,0.459,0.348,0.8,35.5,18.8,4.3,4.7,37.4,0.155,3.6,16.3
6,6,2006,200606,BOS,Randy Foye,Villanova,11,752,19279,7729,1686,2112,0.401,0.366,0.852,25.6,10.3,2.2,2.8,23.5,0.058,-1.2,3.8
7,7,2006,200607,HOU,Rudy Gay,UConn,17,1120,34561,17642,6283,2280,0.452,0.346,0.799,30.9,15.8,5.6,2,61,0.085,0.6,22.4
8,8,2006,200608,GSW,Patrick O'Bryant,Bradley,4,90,524,186,127,25,0.494,0,0.583,5.8,2.1,1.4,0.3,0.5,0.046,-4.6,-0.3
9,9,2006,200609,ORL,JJ Redick,Duke,15,940,23964,12028,1903,1862,0.447,0.415,0.892,25.5,12.8,2,2,63.7,0.128,0.6,16
10,10,2006,200610,NOK,Hilton Armstrong,UConn,6,292,3378,880,766,102,0.501,0.286,0.582,11.6,3,2.6,0.3,3.9,0.055,-4.1,-1.8
11,11,2006,200611,UTA,Ronnie Brewer,Arkansas,8,502,11539,3940,1427,828,0.49,0.254,0.675,23,7.8,2.8,1.6,30.4,0.127,1.6,10.6
12,12,2006,200612,NOK,Cedric Simmons,NC State,3,75,705,163,141,14,0.409,,0.39,9.4,2.2,1.9,0.2,0.1,0.005,-5,-0.5
13,13,2006,200613,CHI,Rodney Carney,Memphis,5,299,4600,1778,588,132,0.422,0.338,0.704,15.4,5.9,2,0.4,6.2,0.064,-1.6,0.5
14,14,2006,200614,IND,Shawne Williams,Memphis,7,314,5368,1769,945,220,0.403,0.339,0.755,17.1,5.6,3,0.7,6.7,0.06,-2.2,-0.3
15,15,2006,200615,SAC,Quincy Douby,Rutgers University,3,143,1535,588,152,93,0.389,0.312,0.884,10.7,4.1,1.1,0.7,0,0,-3.5,-0.6
16,16,2006,200616,NYK,Renaldo Balkman,South Carolina,6,221,3064,894,769,132,0.51,0.172,0.542,13.9,4,3.5,0.6,7.2,0.113,0.1,1.6
17,17,2006,200617,PHO,Rajon Rondo,Kentucky,16,957,28571,9337,4349,7584,0.456,0.324,0.611,29.9,9.8,4.5,7.9,61.8,0.104,1.2,23.2
18,18,2006,200618,NJN,Marcus Williams,UConn,4,203,3095,1128,361,574,0.386,0.321,0.767,15.2,5.6,1.8,2.8,0,-0.001,-3.3,-1
19,19,2006,200619,NJN,Josh Boone,UConn,4,256,4482,1340,1258,125,0.544,,0.445,17.5,5.2,4.9,0.5,9.1,0.097,-2,0
20,20,2006,200620,MEM,Kyle Lowry,Villanova,18,1138,36021,16218,4894,7003,0.424,0.368,0.815,31.7,14.3,4.3,6.2,111.6,0.149,2.8,43.2
21,21,2006,200621,CLE,Shannon Brown,Michigan State,9,408,7329,3118,760,458,0.42,0.332,0.807,18,7.6,1.9,1.1,9.2,0.06,-1.5,1
22,22,2006,200622,LAL,Jordan Farmar,UCLA,10,504,9840,3888,958,1453,0.423,0.374,0.739,19.5,7.7,1.9,2.9,13.9,0.068,-0.5,3.7
23,23,2006,200623,DAL,Maurice Ager,Michigan State,4,82,505,169,46,19,0.339,0.25,0.566,6.2,2.1,0.6,0.2,-0.9,-0.089,-9.4,-0.9
24,24,2006,200624,NYK,Mardy Collins,Temple,4,189,2771,742,336,327,0.38,0.299,0.599,14.7,3.9,1.8,1.7,-1.6,-0.027,-4.4,-1.7
25,25,2006,200625,POR,James White,Cincinnati,3,67,583,182,68,35,0.438,0.34,0.676,8.7,2.7,1,0.5,0.8,0.062,-3.2,-0.2
26,26,2006,200626,HOU,Steve Novak,Marquette,11,467,5657,2177,591,132,0.437,0.43,0.877,12.1,4.7,1.3,0.3,14.5,0.123,0.8,4
27,27,2006,200627,ATL,Solomon Jones,South Florida,8,281,3092,839,654,99,0.467,0.111,0.717,11,3,2.3,0.4,5,0.078,-4,-1.6
28,28,2006,200628,LAC,Paul Davis,Michigan State,4,82,702,217,158,32,0.402,0,0.732,8.6,2.6,1.9,0.4,0.5,0.035,-4.2,-0.4
29,29,2006,200629,TOR,P.J. Tucker,Texas,13,883,24935,5854,4770,1225,0.425,0.366,0.75,28.2,6.6,5.4,1.4,43.2,0.083,-1,6.5
30,30,2006,200630,MIN,Craig Smith,Boston College,6,403,6826,3080,1567,322,0.553,0.037,0.661,16.9,7.6,3.9,0.8,16,0.113,-1.2,1.4
31,31,2006,200631,MIN,Bobby Jones,Washington,2,91,867,288,149,44,0.442,0.306,0.685,9.5,3.2,1.6,0.5,1.1,0.06,-4.1,-0.5
32,32,2006,200632,MIL,David Noel,UNC,1,68,792,184,123,65,0.367,0.321,0.86,11.6,2.7,1.8,1,0.4,0.024,-3.1,-0.2
33,33,2006,200633,ORL,James Augustine,Illinois,2,27,156,42,33,4,0.514,,0.5,5.8,1.6,1.2,0.1,0.3,0.101,-2.7,0
34,34,2006,200634,CLE,Daniel Gibson,Texas,7,397,9316,3115,792,775,0.402,0.407,0.78,23.5,7.8,2,2,16,0.082,-1,2.4
35,35,2006,200635,IND,Alexander Johnson,Florida State,2,102,1302,439,275,30,0.517,,0.672,12.8,4.3,2.7,0.3,1.5,0.056,-4.6,-0.9
36,36,2006,200636,UTA,Dee Brown,Illinois,2,68,711,140,69,119,0.34,0.25,0.643,10.5,2.1,1,1.8,0.1,0.008,-3,-0.2
37,37,2006,200637,UTA,Paul Millsap,Louisiana Tech,16,1085,30498,14536,7673,2378,0.489,0.341,0.736,28.1,13.4,7.1,2.2,95.4,0.15,1.9,29.9
38,38,2006,200638,DEN,Leon Powe,California,5,239,3320,1484,911,78,0.515,0,0.682,13.9,6.2,3.8,0.3,12,0.174,-1.6,0.3
39,39,2006,200639,CHA,Ryan Hollins,UCLA,10,518,6134,1913,1140,151,0.584,0,0.649,11.8,3.7,2.2,0.3,10.4,0.081,-4.1,-3.2
40,40,2006,200640,LAC,Guillermo Díaz,Miami (FL),1,6,18,5,2,1,0.25,0,0.6,3,0.8,0.3,0.2,0,0.033,-2.9,0
41,41,2006,200641,NJN,Hassan Adams,Arizona,2,73,547,185,84,14,0.534,0,0.643,7.5,2.5,1.2,0.2,0.8,0.072,-2.3,0
42,42,2006,200642,DET,Will Blalock,Iowa State,1,14,166,25,15,17,0.3,0.2,1,11.9,1.8,1.1,1.2,-0.1,-0.032,-5.8,-0.2
1,1,2007,200701,POR,Greg Oden,Ohio State,3,105,2028,840,656,51,0.574,,0.658,19.3,8,6.2,0.5,7.3,0.174,-0.4,0.8
2,2,2007,200702,SEA,Kevin Durant,Texas,16,1061,38972,28924,7454,4645,0.501,0.387,0.884,36.7,27.3,7,4.4,170.2,0.21,6.6,84.6
3,3,2007,200703,ATL,Al Horford,Florida,17,1078,34259,14167,8574,3501,0.513,0.379,0.76,31.8,13.1,8,3.2,112.7,0.158,3,42.9
4,4,2007,200704,MEM,Mike Conley,Ohio State,17,1101,34841,15888,3272,6306,0.439,0.387,0.823,31.6,14.4,3,5.7,100.5,0.139,2.5,39.2
5,5,2007,200705,BOS,Jeff Green,Georgetown,16,1185,32861,14241,4824,1764,0.45,0.337,0.804,27.7,12,4.1,1.5,54.6,0.08,-1.5,4.4
6,6,2007,200706,MIN,Corey Brewer,Florida,13,819,18771,7097,2287,1250,0.425,0.284,0.713,22.9,8.7,2.8,1.5,22.5,0.058,-1.6,2
7,7,2007,200707,CHA,Brandan Wright,UNC,10,428,6949,2976,1560,199,0.607,0,0.674,16.2,7,3.6,0.5,26.2,0.181,2.3,7.5
8,8,2007,200708,CHI,Joakim Noah,Florida,13,672,18646,5881,6058,1907,0.491,0,0.7,27.7,8.8,9,2.8,61.9,0.159,2.5,20.9
9,9,2007,200709,SAC,Spencer Hawes,Washington,10,684,15541,5932,3893,1271,0.457,0.35,0.716,22.7,8.7,5.7,1.9,22.6,0.07,-1.1,3.4
10,10,2007,200710,ATL,Acie Law,Texas A&M,4,188,2385,725,195,309,0.413,0.235,0.778,12.7,3.9,1,1.6,1.6,0.032,-3.9,-1.1
11,11,2007,200711,PHI,Thaddeus Young,Georgia Tech,17,1172,33012,14225,6614,2135,0.503,0.328,0.661,28.2,12.1,5.6,1.8,71.9,0.105,0.5,20.7
12,12,2007,200712,NOK,Julian Wright,Kansas,4,231,3049,907,531,182,0.499,0.262,0.584,13.2,3.9,2.3,0.8,3.9,0.061,-0.5,1.2
13,13,2007,200713,LAC,Al Thornton,Florida State,4,296,8274,3527,1233,353,0.452,0.293,0.747,28,11.9,4.2,1.2,6.1,0.035,-3.5,-3.2
14,14,2007,200714,DET,Rodney Stuckey,Eastern Washington,10,651,17890,8185,1912,2333,0.423,0.3,0.824,27.5,12.6,2.9,3.6,28.7,0.077,-0.9,4.9
15,15,2007,200715,WAS,Nick Young,USC,12,720,16419,8194,1427,687,0.418,0.376,0.836,22.8,11.4,2,1,18.6,0.054,-2.2,-0.8
16,16,2007,200716,NJN,Sean Williams,Boston College,4,137,1978,581,472,47,0.511,0,0.624,14.4,4.2,3.4,0.3,3,0.073,-3.1,-0.6
17,17,2007,200717,LAL,Javaris Crittenton,Georgia Tech,2,113,1853,595,276,201,0.442,0.231,0.638,16.4,5.3,2.4,1.8,0.1,0.002,-4.2,-1
18,18,2007,200718,MIA,Jason Smith,Colorado State,11,616,10029,3777,2075,453,0.468,0.333,0.783,16.3,6.1,3.4,0.7,14.1,0.067,-2.9,-2.4
19,19,2007,200719,PHI,Daequan Cook,Ohio State,6,328,5993,2114,703,243,0.369,0.359,0.813,18.3,6.4,2.1,0.7,4.9,0.039,-2.7,-1.1
20,20,2007,200720,CHA,Jared Dudley,Boston College,14,904,20117,6633,2849,1394,0.463,0.393,0.732,22.3,7.3,3.2,1.5,43,0.103,0.2,11
21,21,2007,200721,NYK,Wilson Chandler,DePaul,12,676,20287,8463,3574,1205,0.443,0.341,0.77,30,12.5,5.3,1.8,29,0.069,-1.3,3.5
22,22,2007,200722,UTA,Morris Almond,Rice University,3,38,361,119,46,12,0.381,0.292,0.743,9.5,3.1,1.2,0.3,0,0.005,-6.1,-0.4
23,23,2007,200723,HOU,Aaron Brooks,Oregon,10,645,13439,6259,1079,1925,0.413,0.37,0.837,20.8,9.7,1.7,3,19.2,0.069,-1.2,2.7
24,24,2007,200724,DET,Arron Afflalo,UCLA,11,762,20829,8198,2176,1386,0.45,0.386,0.825,27.3,10.8,2.9,1.8,33.5,0.077,-1.5,2.4
25,25,2007,200725,PHO,Alando Tucker,Wisconsin,3,51,426,211,49,16,0.423,0.294,0.783,8.4,4.1,1,0.3,0.4,0.045,-4.5,-0.3
26,26,2007,200726,SEA,Carl Landry,Purdue,9,513,11524,5541,2533,355,0.535,0.3,0.785,22.5,10.8,4.9,0.7,35.9,0.149,-0.3,5
27,27,2007,200727,BOS,Gabe Pruitt,USC,2,62,461,125,51,52,0.321,0.283,0.783,7.4,2,0.8,0.8,0.4,0.043,-2.8,-0.1
28,28,2007,200728,SAS,Marcus Williams,Arizona,2,13,39,14,12,3,0.318,,,3,1.1,0.9,0.2,-0.1,-0.084,-5.4,0
29,29,2007,200729,DAL,Nick Fazekas,Nevada,1,26,269,107,89,11,0.561,0,0.682,10.3,4.1,3.4,0.4,0.8,0.148,0.5,0.2
30,30,2007,200730,SEA,Glen Davis,LSU,8,514,10865,4111,2236,457,0.447,0.182,0.7,21.1,8,4.4,0.9,18.6,0.082,-2.6,-1.7
31,31,2007,200731,GSW,Jermareo Davidson,Alabama,2,52,433,162,96,14,0.425,,0.578,8.3,3.1,1.8,0.3,0,0,-5.2,-0.3
32,32,2007,200732,POR,Josh McRoberts,Duke,11,433,8271,2333,1686,901,0.463,0.34,0.705,19.1,5.4,3.9,2.1,18.5,0.107,0.3,4.7
33,33,2007,200733,MIN,Chris Richard,Florida,2,70,780,135,194,25,0.483,,0.605,11.1,1.9,2.8,0.4,0.7,0.045,-5.7,-0.7
34,34,2007,200734,POR,Derrick Byars,Vanderbilt,1,2,37,10,11,1,0.273,0,1,18.5,5,5.5,0.5,0.1,0.147,-4.7,0
35,35,2007,200735,GSW,Stéphane Lasme,UMass,1,16,303,83,53,3,0.451,,0.594,18.9,5.2,3.3,0.2,0.3,0.041,-4.4,-0.2
36,36,2007,200736,WAS,Dominic McGuire,Fresno State,6,342,5348,939,1169,422,0.419,0.188,0.658,15.6,2.7,3.4,1.2,4.1,0.037,-2.1,-0.1
37,37,2007,200737,CHI,Aaron Gray,Pitt,7,318,3851,1066,1190,207,0.509,0,0.562,12.1,3.4,3.7,0.7,6.2,0.077,-3.6,-1.5
38,38,2007,200738,POR,Taurean Green,Florida,1,17,74,27,10,11,0.28,0.182,0.917,4.4,1.6,0.6,0.6,-0.1,-0.066,-7.5,-0.1
39,39,2007,200739,POR,Demetris Nichols,Syracuse,2,18,58,22,7,2,0.281,0.2,0.5,3.2,1.2,0.4,0.1,-0.2,-0.203,-10.3,-0.1
40,40,2007,200740,MIL,Ramon Sessions,Nevada,11,691,16119,7141,1840,2807,0.434,0.316,0.791,23.3,10.3,2.7,4.1,28.8,0.086,-0.7,5.2
41,41,2007,200741,PHO,D.J. Strawberry,Maryland,1,33,270,73,28,30,0.315,0.24,0.474,8.2,2.2,0.8,0.9,-0.2,-0.031,-5.6,-0.2
1,1,2008,200801,CHI,Derrick Rose,Memphis,15,723,22054,12573,2324,3770,0.456,0.316,0.831,30.5,17.4,3.2,5.2,44.6,0.097,1.2,18.2
2,2,2008,200802,MIA,Michael Beasley,Kansas State,11,609,13903,7568,2861,788,0.465,0.349,0.759,22.8,12.4,4.7,1.3,15.6,0.054,-1.7,0.9
3,3,2008,200803,MIN,O.J. Mayo,USC,8,547,16919,7574,1706,1607,0.429,0.373,0.82,30.9,13.8,3.1,2.9,21.8,0.062,-0.9,4.7
4,4,2008,200804,SEA,Russell Westbrook,UCLA,16,1162,39081,25211,8307,9468,0.438,0.304,0.776,33.6,21.7,7.1,8.1,110.6,0.136,3.9,57.9
5,5,2008,200805,MEM,Kevin Love,UCLA,16,929,27254,15299,9403,2151,0.439,0.369,0.829,29.3,16.5,10.1,2.3,94.5,0.166,3.3,36.2
6,6,2008,200806,LAC,Eric Gordon,Indiana,16,886,28116,13868,2067,2443,0.43,0.371,0.811,31.7,15.7,2.3,2.8,41.1,0.07,-0.7,8.9
7,7,2008,200807,MIL,Joe Alexander,West Virginia,2,67,745,282,120,44,0.41,0.34,0.698,11.1,4.2,1.8,0.7,0.5,0.03,-3.6,-0.3
8,8,2008,200808,CHA,D.J. Augustin,Texas,14,976,22851,9259,1805,3761,0.412,0.381,0.867,23.4,9.5,1.8,3.9,47.7,0.1,-0.7,7.6
9,9,2008,200809,NJN,Brook Lopez,Stanford,16,1025,30976,16476,6336,1472,0.496,0.349,0.796,30.2,16.1,6.2,1.4,85.3,0.132,1.3,26
10,10,2008,200810,IND,Jerryd Bayless,Arizona,11,586,12486,4909,1235,1674,0.411,0.361,0.818,21.3,8.4,2.1,2.9,18.6,0.072,-1.6,1.1
11,11,2008,200811,SAC,Jason Thompson,Rider University,8,588,14819,5210,3880,635,0.496,0.143,0.657,25.2,8.9,6.6,1.1,23.8,0.077,-2.6,-2.4
12,12,2008,200812,POR,Brandon Rush,Kansas,9,481,10564,3250,1413,468,0.426,0.402,0.706,22,6.8,2.9,1,11.2,0.051,-1.4,1.6
13,13,2008,200813,GSW,Anthony Randolph,LSU,6,252,3841,1789,1078,187,0.453,0.241,0.74,15.2,7.1,4.3,0.7,5.8,0.072,-1.6,0.4
14,14,2008,200814,PHO,Robin Lopez,Stanford,16,992,20937,8326,4660,819,0.537,0.297,0.743,21.1,8.4,4.7,0.8,49.6,0.114,-1.1,4.6
15,15,2008,200815,PHI,Marreese Speights,Florida,10,705,10640,5592,2875,461,0.459,0.356,0.797,15.1,7.9,4.1,0.7,25.8,0.116,-2.2,-0.6
16,16,2008,200816,TOR,Roy Hibbert,Georgetown,9,662,16389,6611,4173,885,0.465,0.25,0.755,24.8,10,6.3,1.3,35.9,0.105,-1.1,3.5
17,17,2008,200817,WAS,JaVale McGee,Nevada,16,909,14676,6907,4577,386,0.578,0.192,0.604,16.1,7.6,5,0.4,43.7,0.143,0,7.3
18,18,2008,200818,CLE,J.J. Hickson,NC State,8,534,11925,5081,3639,449,0.505,0,0.617,22.3,9.5,6.8,0.8,21.9,0.088,-1.8,0.5
19,19,2008,200819,NJN,Ryan Anderson,California,12,649,16769,8001,3413,586,0.422,0.38,0.854,25.8,12.3,5.3,0.9,46.7,0.134,1,12.8
20,20,2008,200820,ORL,Courtney Lee,Western Kentucky,12,811,21938,7765,2127,1353,0.451,0.388,0.853,27.1,9.6,2.6,1.7,39.3,0.086,-0.6,7.9
21,21,2008,200821,UTA,Kosta Koufos,Ohio State,11,686,11271,3913,3452,359,0.534,0,0.582,16.4,5.7,5,0.5,28.3,0.12,-1.3,2
22,22,2008,200822,SAS,George Hill,IUPUI,15,915,24501,9545,2731,2807,0.457,0.38,0.806,26.8,10.4,3,3.1,71,0.139,1.1,19.4
23,23,2008,200823,NOH,Darrell Arthur,Kansas,9,503,8945,3282,1768,409,0.444,0.352,0.765,17.8,6.5,3.5,0.8,12.3,0.066,-2.2,-0.4
24,24,2008,200824,MEM,Donté Greene,Syracuse,4,253,4259,1541,600,183,0.406,0.304,0.701,16.8,6.1,2.4,0.7,1.5,0.017,-2.8,-0.9
25,25,2008,200825,DET,D.J. White,Indiana,6,138,2111,810,437,80,0.507,0.333,0.72,15.3,5.9,3.2,0.6,3.8,0.087,-2.1,0
26,26,2008,200826,BOS,J.R. Giddens,New Mexico,2,38,247,73,54,13,0.476,0,0.565,6.5,1.9,1.4,0.3,0.1,0.027,-4.3,-0.1
27,27,2008,200827,SEA,Walter Sharpe,UAB,1,8,20,8,3,0,0.364,0,0,2.5,1,0.4,0,-0.1,-0.131,-10.1,0
28,28,2008,200828,POR,Joey Dorsey,Memphis,4,130,1488,344,513,55,0.534,0,0.375,11.4,2.6,3.9,0.4,2.9,0.092,-2.7,-0.3
29,29,2008,200829,MIN,Mario Chalmers,Kansas,9,646,17245,5743,1585,2412,0.417,0.351,0.793,26.7,8.9,2.5,3.7,32.3,0.09,-0.6,5.9
30,30,2008,200830,LAC,DeAndre Jordan,Texas A&M,16,1055,27176,9274,10501,992,0.674,0.154,0.475,25.8,8.8,10,0.9,97,0.171,1.2,22
31,31,2008,200831,MIL,Luc Mbah a Moute,UCLA,12,689,16038,4380,2800,588,0.454,0.334,0.659,23.3,6.4,4.1,0.9,26,0.078,-1.5,2
32,32,2008,200832,CHA,Kyle Weaver,Washington State,3,73,1379,363,158,119,0.441,0.353,0.736,18.9,5,2.2,1.6,1.5,0.051,-1.1,0.3
33,33,2008,200833,CHI,Sonny Weems,Arkansas,4,183,3335,1189,402,257,0.465,0.283,0.702,18.2,6.5,2.2,1.4,0,0.001,-4.2,-1.8
34,34,2008,200834,NJN,Chris Douglas-Roberts,Memphis,6,222,4381,1571,472,254,0.439,0.329,0.831,19.7,7.1,2.1,1.1,5.4,0.059,-2.2,-0.2
35,35,2008,200835,SAC,Sean Singletary,Virginia,1,37,303,90,35,29,0.365,0.4,0.857,8.2,2.4,0.9,0.8,0,0.006,-5.1,-0.2
36,36,2008,200836,SAC,Patrick Ewing,Georgetown,1,7,19,3,2,2,0,0,0.75,2.7,0.4,0.3,0.3,-0.1,-0.158,-9.1,0
37,37,2008,200837,WAS,Henry Walker,Kansas State,5,181,3016,1079,401,153,0.446,0.369,0.76,16.7,6,2.2,0.8,5,0.079,-1.8,0.2
38,38,2008,200838,PHO,Malik Hairston,Oregon,2,62,472,149,77,29,0.512,0.167,0.514,7.6,2.4,1.2,0.5,0.8,0.086,-2,0
39,39,2008,200839,MIA,Darnell Jackson,Kansas,3,138,1039,308,203,26,0.449,0.235,0.644,7.5,2.2,1.5,0.2,1.3,0.059,-5.2,-0.8
40,40,2008,200840,POR,Mike Taylor,Iowa State,1,51,771,289,87,106,0.412,0.325,0.691,15.1,5.7,1.7,2.1,-0.4,-0.028,-5.2,-0.6
41,41,2008,200841,SEA,Sasha Kaun,Kansas,1,25,95,23,26,3,0.529,,0.455,3.8,0.9,1,0.1,0.2,0.096,-2.8,0
42,42,2008,200842,LAL,Joe Crawford,Kentucky,1,2,23,9,4,1,0.3,0.25,1,11.5,4.5,2,0.5,0,0.037,-2.7,0
1,1,2009,200901,LAC,Blake Griffin,Oklahoma,13,765,24384,14513,6109,3055,0.493,0.328,0.696,31.9,19,8,4,81.1,0.16,3.3,32.8
2,2,2009,200902,MEM,Hasheem Thabeet,UConn,5,224,2357,483,595,27,0.567,,0.578,10.5,2.2,2.7,0.1,4.8,0.099,-2.7,-0.4
3,3,2009,200903,OKC,James Harden,Arizona State,15,1072,37223,25885,6017,7629,0.441,0.364,0.861,34.7,24.1,5.6,7.1,166.4,0.215,6.5,79.8
4,4,2009,200904,SAC,Tyreke Evans,Memphis,10,594,18242,9347,2720,2852,0.44,0.323,0.757,30.7,15.7,4.6,4.8,28.4,0.075,0.8,13.1
5,5,2009,200905,MIN,Jonny Flynn,Syracuse,3,163,3738,1504,307,634,0.4,0.338,0.809,22.9,9.2,1.9,3.9,-1.1,-0.015,-4,-1.9
6,6,2009,200906,GSW,Stephen Curry,Davidson,15,956,32723,23668,4509,6119,0.473,0.426,0.91,34.2,24.8,4.7,6.4,135.2,0.198,6.5,70
7,7,2009,200907,NYK,Jordan Hill,Arizona,8,409,7692,3232,2389,322,0.497,0.136,0.699,18.8,7.9,5.8,0.8,16.4,0.102,-2,0
8,8,2009,200908,TOR,DeMar DeRozan,USC,15,1110,38460,23582,4910,4527,0.469,0.296,0.841,34.6,21.2,4.4,4.1,101.4,0.127,0.9,28.1
9,9,2009,200909,NJN,Terrence Williams,Louisville,4,153,2922,1085,545,364,0.412,0.317,0.659,19.1,7.1,3.6,2.4,-0.2,-0.004,-2.8,-0.6
10,10,2009,200910,CHA,Gerald Henderson,Duke,8,535,13854,5987,1716,1009,0.44,0.327,0.793,25.9,11.2,3.2,1.9,18.3,0.063,-1.8,0.6
11,11,2009,200911,IND,Tyler Hansbrough,UNC,7,428,7233,2881,1808,181,0.439,0.136,0.738,16.9,6.7,4.2,0.4,20.2,0.134,-2,0
12,12,2009,200912,PHO,Earl Clark,Louisville,6,261,3630,1138,778,134,0.403,0.328,0.664,13.9,4.4,3,0.5,2.9,0.038,-2.8,-0.8
13,13,2009,200913,DET,Austin Daye,Gonzaga,6,293,4132,1522,764,212,0.402,0.351,0.778,14.1,5.2,2.6,0.7,4.5,0.053,-2,0
14,14,2009,200914,CHI,James Johnson,Wake Forest,15,774,15524,5822,2710,1606,0.474,0.3,0.678,20.1,7.5,3.5,2.1,27.5,0.085,0.4,9.4
15,15,2009,200915,PHI,Jrue Holiday,UCLA,15,975,32264,15736,4075,6201,0.463,0.371,0.784,33.1,16.1,4.2,6.4,69.4,0.103,1.7,29.8
16,16,2009,200916,MIN,Ty Lawson,UNC,8,551,16088,6977,1506,3316,0.46,0.359,0.77,29.2,12.7,2.7,6,42.1,0.126,1.4,13.6
17,17,2009,200917,ATL,Jeff Teague,Wake Forest,12,826,22164,10061,1989,4585,0.444,0.36,0.844,26.8,12.2,2.4,5.6,52.4,0.113,0.6,14.3
18,18,2009,200918,UTA,Eric Maynor,VCU,5,267,3896,1141,348,760,0.392,0.35,0.721,14.6,4.3,1.3,2.8,3.3,0.041,-2.9,-0.8
19,19,2009,200919,NOH,Darren Collison,UCLA,11,711,20833,8861,1889,3545,0.471,0.394,0.853,29.3,12.5,2.7,5,49.9,0.115,0.5,13.4
20,20,2009,200920,DAL,Byron Mullens,Ohio State,5,189,3446,1398,790,153,0.408,0.319,0.706,18.2,7.4,4.2,0.8,0.6,0.008,-4,-1.8
21,21,2009,200921,CHI,Taj Gibson,USC,15,965,22660,8290,5607,925,0.517,0.263,0.713,23.5,8.6,5.8,1,59.9,0.127,-0.8,6.8
22,22,2009,200922,MEM,DeMarre Carroll,Missouri,11,578,13675,5150,2454,726,0.43,0.358,0.741,23.7,8.9,4.2,1.3,29.5,0.104,0,6.7
23,23,2009,200923,MIN,Wayne Ellington,UNC,13,770,16100,6190,1643,852,0.41,0.382,0.843,20.9,8,2.1,1.1,21.1,0.063,-1.5,2.2
24,24,2009,200924,LAL,Toney Douglas,Florida State,8,394,7511,3009,875,889,0.404,0.354,0.824,19.1,7.6,2.2,2.3,12.1,0.077,-0.8,2.2
25,25,2009,200925,SAC,Jeff Ayres,Arizona State,6,237,2322,690,632,99,0.553,0.4,0.776,9.8,2.9,2.7,0.4,6.3,0.131,-2.3,-0.2
26,26,2009,200926,WAS,Jermaine Taylor,Central Florida,2,65,786,351,108,48,0.441,0.284,0.73,12.1,5.4,1.7,0.7,0.2,0.014,-3.7,-0.3
27,27,2009,200927,POR,Dante Cunningham,Villanova,10,715,14875,4133,2676,506,0.469,0.345,0.649,20.8,5.8,3.7,0.7,24.9,0.08,-1.7,1.1
28,28,2009,200928,DET,DaJuan Summers,Georgetown,4,83,820,278,82,29,0.384,0.367,0.642,9.9,3.3,1,0.3,-0.1,-0.008,-5.8,-0.8
29,29,2009,200929,MEM,Sam Young,Pitt,4,249,3966,1436,573,180,0.442,0.28,0.742,15.9,5.8,2.3,0.7,5.2,0.063,-2.1,-0.1
30,30,2009,200930,SAS,DeJuan Blair,Pitt,7,424,7054,2865,2153,349,0.524,0,0.608,16.6,6.8,5.1,0.8,19,0.129,-1.2,1.4
31,31,2009,200931,POR,Jon Brockman,Washington,3,150,1570,320,472,49,0.488,0,0.618,10.5,2.1,3.1,0.3,3.7,0.113,-3.9,-0.8
32,32,2009,200932,CHA,Derrick Brown,Xavier,3,171,2554,895,413,119,0.515,0.317,0.637,14.9,5.2,2.4,0.7,4.5,0.085,-1.3,0.4
33,33,2009,200933,MIL,Jodie Meeks,Kentucky,10,539,12110,4988,1120,583,0.42,0.373,0.879,22.5,9.3,2.1,1.1,24.3,0.096,-0.6,4.2
34,34,2009,200934,LAL,Patrick Beverley,Arkansas,12,666,17689,5520,2729,2245,0.413,0.371,0.76,26.6,8.3,4.1,3.4,40.2,0.109,0.7,12.1
35,35,2009,200935,MIA,Marcus Thornton,LSU,8,483,11299,5750,1348,677,0.425,0.358,0.83,23.4,11.9,2.8,1.4,20,0.085,0.2,6.2
36,36,2009,200936,DET,Chase Budinger,Arizona,7,407,7998,3198,1240,473,0.43,0.352,0.797,19.7,7.9,3,1.2,13.9,0.083,-0.5,2.9
37,37,2009,200937,MIN,Nick Calathes,Florida,2,129,2011,590,243,353,0.441,0.288,0.581,15.6,4.6,1.9,2.7,2.6,0.063,-0.5,0.8
38,38,2009,200938,CLE,Danny Green,UNC,15,832,20899,7204,2827,1277,0.421,0.4,0.805,25.1,8.7,3.4,1.5,49.3,0.113,1.8,20.2
39,39,2009,200939,PHO,Taylor Griffin,Oklahoma,1,8,32,10,2,1,0.4,0,0.5,4,1.3,0.3,0.1,0,-0.039,-8.1,-0.1
40,40,2009,200940,IND,A.J. Price,UConn,6,261,3929,1523,377,567,0.38,0.316,0.742,15.1,5.8,1.4,2.2,4.7,0.058,-1.3,0.7
41,41,2009,200941,POR,Patty Mills,Saint Mary's,15,892,17995,7893,1469,1984,0.424,0.386,0.856,20.2,8.8,1.6,2.2,35.8,0.096,-0.1,8.6
42,42,2009,200942,BOS,Lester Hudson,University of Tennessee at Martin,4,57,594,268,77,71,0.375,0.277,0.806,10.4,4.7,1.4,1.2,0.2,0.016,-2.1,0
1,1,2010,201001,WAS,John Wall,Kentucky,11,647,22588,12088,2704,5735,0.43,0.322,0.776,34.9,18.7,4.2,8.9,44.5,0.094,2.2,24.1
2,2,2010,201002,PHI,Evan Turner,Ohio State,10,705,18938,6824,3278,2462,0.434,0.294,0.782,26.9,9.7,4.6,3.5,20.2,0.051,-1.9,0.5
3,3,2010,201003,NJN,Derrick Favors,Georgia Tech,12,790,19202,8354,5608,851,0.534,0.198,0.663,24.3,10.6,7.1,1.1,60.2,0.15,0.9,14
4,4,2010,201004,MIN,Wesley Johnson,Syracuse,9,609,13472,4235,1924,645,0.404,0.337,0.741,22.1,7,3.2,1.1,10.7,0.038,-1.6,1.2
5,5,2010,201005,SAC,DeMarcus Cousins,Kentucky,11,654,19508,12802,6664,1979,0.46,0.331,0.737,29.8,19.6,10.2,3,46.8,0.115,2.4,21.6
6,6,2010,201006,GSW,Ekpe Udoh,Baylor,7,384,5694,1353,1100,260,0.453,0,0.718,14.8,3.5,2.9,0.7,10.4,0.088,-1.4,0.8
7,7,2010,201007,DET,Greg Monroe,Georgetown,10,646,17670,8402,5293,1376,0.514,0.059,0.703,27.4,13,8.2,2.1,50.4,0.137,1.4,15.3
8,8,2010,201008,LAC,Al-Farouq Aminu,Wake Forest,11,711,17698,5350,4280,879,0.42,0.332,0.746,24.9,7.5,6,1.2,27.6,0.075,-0.6,6.5
9,9,2010,201009,UTA,Gordon Hayward,Butler,14,835,25654,12687,3698,2940,0.455,0.37,0.822,30.7,15.2,4.4,3.5,63.4,0.119,1.6,23
10,10,2010,201010,IND,Paul George,Fresno State,14,867,29182,18032,5465,3191,0.44,0.385,0.854,33.7,20.8,6.3,3.7,88.5,0.146,3.9,43.6
11,11,2010,201011,NOH,Cole Aldrich,Kansas,8,339,3389,1050,1131,183,0.527,,0.738,10,3.1,3.3,0.5,9.6,0.135,0.1,1.8
12,12,2010,201012,MEM,Xavier Henry,Kansas,5,185,2905,1050,351,120,0.406,0.325,0.635,15.7,5.7,1.9,0.6,0.8,0.013,-4.4,-1.7
13,13,2010,201013,TOR,Ed Davis,UNC,12,722,13756,4291,4616,539,0.567,0,0.583,19.1,5.9,6.4,0.7,43.3,0.151,-0.2,6.2
14,14,2010,201014,HOU,Patrick Patterson,Kentucky,11,719,14923,4782,2799,736,0.447,0.369,0.755,20.8,6.7,3.9,1,31.9,0.102,0,7.4
15,15,2010,201015,MIL,Larry Sanders,VCU,6,238,4635,1520,1345,174,0.48,0,0.553,19.5,6.4,5.7,0.7,10.3,0.107,-1.1,1.1
16,16,2010,201016,MIN,Luke Babbitt,Nevada,8,381,5332,1818,846,224,0.408,0.402,0.747,14,4.8,2.2,0.6,7.2,0.065,-2.1,-0.1
17,17,2010,201017,OKC,Eric Bledsoe,Kentucky,12,756,21021,10348,2937,3545,0.452,0.336,0.784,27.8,13.7,3.9,4.7,46.1,0.105,1.6,18.8
18,18,2010,201018,BOS,Avery Bradley,Texas,12,660,18151,7279,1863,1105,0.434,0.365,0.783,27.5,11,2.8,1.7,17.2,0.045,-2.4,-1.8
19,19,2010,201019,SAS,James Anderson,Oklahoma State,5,247,4320,1422,560,291,0.411,0.321,0.755,17.5,5.8,2.3,1.2,3.3,0.037,-2.7,-0.8
20,20,2010,201020,OKC,Craig Brackins,Iowa State,2,17,121,30,19,9,0.265,0.214,0.5,7.1,1.8,1.1,0.5,-0.2,-0.089,-9.9,-0.2
21,21,2010,201021,POR,Elliot Williams,Memphis,4,109,1470,537,161,94,0.421,0.31,0.669,13.5,4.9,1.5,0.9,0.7,0.024,-4.9,-1.1
22,22,2010,201022,MIN,Trevor Booker,Clemson,8,532,10872,3679,2932,566,0.515,0.305,0.636,20.4,6.9,5.5,1.1,26.2,0.116,-0.5,4.2
23,23,2010,201023,ATL,Damion James,Texas,4,39,623,150,131,26,0.415,0,0.667,16,3.8,3.4,0.7,0,-0.001,-3.7,-0.3
24,24,2010,201024,MEM,Dominique Jones,South Florida,3,80,741,246,114,144,0.366,0.095,0.729,9.3,3.1,1.4,1.8,0.3,0.017,-2.4,-0.1
25,25,2010,201025,OKC,Quincy Pondexter,Washington,7,355,5530,1609,640,263,0.423,0.356,0.746,15.6,4.5,1.8,0.7,9.7,0.084,-1.8,0.3
26,26,2010,201026,NJN,Jordan Crawford,Xavier,6,281,6843,3432,703,883,0.411,0.317,0.826,24.4,12.2,2.5,3.1,6.3,0.044,-1.3,1.3
27,27,2010,201027,MEM,Greivis Vásquez,Maryland,7,401,9520,3591,1021,1935,0.418,0.349,0.817,23.7,9,2.5,4.8,12.6,0.064,-1.2,1.8
28,28,2010,201028,ORL,Daniel Orton,Kentucky,3,51,542,143,126,24,0.485,0,0.597,10.6,2.8,2.5,0.5,1,0.093,-3.5,-0.2
29,29,2010,201029,WAS,Lazar Hayward,Marquette,3,72,591,207,90,35,0.347,0.269,0.767,8.2,2.9,1.3,0.5,0.2,0.02,-4.2,-0.3
30,30,2010,201030,MIA,Dexter Pittman,Texas,4,50,347,116,89,9,0.45,,0.545,6.9,2.3,1.8,0.2,0.5,0.068,-7.7,-0.5
31,31,2010,201031,SAC,Hassan Whiteside,Marshall,10,511,12645,6450,5523,327,0.586,0.308,0.605,24.7,12.6,10.8,0.6,52,0.197,2.5,14.5
32,32,2010,201032,POR,Armon Johnson,Nevada,2,47,401,157,49,56,0.458,0.4,0.679,8.5,3.3,1,1.2,-0.1,-0.015,-4.1,-0.2
33,33,2010,201033,MIL,Darington Hobson,New Mexico,1,5,39,4,3,6,0.154,0,,7.8,0.8,0.6,1.2,-0.2,-0.225,-13,-0.1
34,34,2010,201034,NYK,Andy Rautins,Syracuse,1,5,24,8,1,3,0.429,0.25,0.5,4.8,1.6,0.2,0.6,-0.2,-0.314,-13.2,-0.1
35,35,2010,201035,NYK,Landry Fields,Stanford,5,255,6010,1731,1092,419,0.473,0.332,0.666,23.6,6.8,4.3,1.6,10.5,0.084,-0.3,2.6
36,36,2010,201036,IND,Lance Stephenson,Cincinnati,10,554,12680,4738,2251,1621,0.445,0.314,0.694,22.9,8.6,4.1,2.9,17.5,0.066,-1.3,2.3
37,37,2010,201037,MIA,Jarvis Varnado,Mississippi State,2,37,397,107,72,16,0.582,,0.518,10.7,2.9,1.9,0.4,0.7,0.089,-3.3,-0.1
38,38,2010,201038,LAL,Devin Ebanks,West Virginia,3,63,711,224,122,24,0.385,0.222,0.722,11.3,3.6,1.9,0.4,0.5,0.035,-4.8,-0.5
39,39,2010,201039,MIL,Jerome Jordan,Tulsa,2,65,491,180,132,17,0.528,,0.852,7.6,2.8,2,0.3,1.7,0.168,-1,0.1
40,40,2010,201040,PHO,Gani Lawal,Georgia Tech,1,1,2,0,0,0,,,,2,0,0,0,0,-0.009,-15,0
41,41,2010,201041,DAL,Solomon Alabi,Florida State,2,26,181,39,61,5,0.314,,0.7,7,1.5,2.3,0.2,0,0.01,-4.4,-0.1
42,42,2010,201042,BOS,Luke Harangody,Notre Dame,2,70,871,253,196,36,0.376,0.241,0.737,12.4,3.6,2.8,0.5,0.9,0.048,-3.5,-0.3
43,43,2010,201043,LAC,Willie Warren,Oklahoma,1,19,134,37,12,27,0.371,0.333,0.75,7.1,1.9,0.6,1.4,0.2,0.065,-2.7,0
44,44,2010,201044,UTA,Jeremy Evans,Western Kentucky,7,250,2626,879,641,107,0.569,0.231,0.687,10.5,3.5,2.6,0.4,8.2,0.15,0.9,1.9
45,45,2010,201045,MIN,Hamady N'Diaye,Rutgers University,3,33,157,20,25,3,0.467,,0.462,4.8,0.6,0.8,0.1,0,0.013,-7.3,-0.2
46,46,2010,201046,IND,Ryan Reid,Florida State,1,5,17,8,2,0,0.8,,,3.4,1.6,0.4,0,0.1,0.142,-2,0
47,47,2010,201047,LAL,Derrick Caracter,Texas-El Paso,1,41,215,81,43,7,0.485,,0.739,5.2,2,1,0.2,0.3,0.057,-7.1,-0.3
